"eV";"Element";"Line";"Rel_intensity";"Name"
54,30;"3 Li";"Kα1,2";150;"KA1,2"
108,50;"4 Be";"Kα1,2";150;"KA1,2"
183,30;"5 B";"Kα1,2";151;"KA1,2"
277,00;"6 C";"Kα1,2";147;"KA1,2"
348,30;"21 Sc";"Ll";21;"Ll"
392,40;"7 N";"Kα1,2";150;"KA1,2"
395,30;"22 Ti";"Ll";46;"Ll"
395,40;"21 Sc";"Lα1,2";111;"LA1,2"
399,60;"21 Sc";"Lβ1";77;"LB1"
446,50;"23 V";"Ll";28;"Ll"
452,20;"22 Ti";"Lα1,2";111;"LA1,2"
458,40;"22 Ti";"Lβ1";79;"LB1"
500,30;"24 Cr";"Ll";17;"Ll"
511,30;"23 V";"Lα1,2";111;"LA1,2"
519,20;"23 V";"Lβ1";80;"LB1"
524,90;"8 O";"Kα1,2";151;"KA1,2"
556,30;"25 Mn";"Ll";15;"Ll"
572,80;"24 Cr";"Lα1,2";111;"LA1,2"
582,80;"24 Cr";"Lβ1";79;"LB1"
615,20;"26 Fe";"Ll";10;"Ll"
637,40;"25 Mn";"Lα1,2";111;"LA1,2"
648,80;"25 Mn";"Lβ1";77;"LB1"
676,80;"9 F";"Kα1,2";148;"KA1,2"
677,80;"27 Co";"Ll";10;"Ll"
705,00;"26 Fe";"Lα1,2";111;"LA1,2"
718,50;"26 Fe";"Lβ1";66;"LB1"
742,70;"28 Ni";"Ll";9;"Ll"
776,20;"27 Co";"Lα1,2";111;"LA1,2"
791,40;"27 Co";"Lβ1";76;"LB1"
811,10;"29 Cu";"Ll";8;"Ll"
833,00;"57 La";"Mα1";100;"MA1"
848,60;"10 Ne";"Kα1,2";150;"KA1,2"
851,50;"28 Ni";"Lα1,2";111;"LA1,2"
868,80;"28 Ni";"Lβ1";68;"LB1"
883,00;"58 Ce";"Mα1";100;"MA1"
884,00;"30 Zn";"Ll";7;"Ll"
929,20;"59 Pr";"Mα1";100;"MA1"
929,70;"29 Cu";"Lα1,2";111;"LA1,2"
949,80;"29 Cu";"Lβ1";65;"LB1"
957,20;"31 Ga";"Ll";7;"Ll"
978,00;"60 Nd";"Mα1";100;"MA1"
1 011,70;"30 Zn";"Lα1,2";111;"LA1,2"
1 034,70;"30 Zn";"Lβ1";65;"LB1"
1 036,20;"32 Ge";"Ll";6;"Ll"
1 041,00;"11 Na";"Kα1,2";150;"KA1,2"
1 081,00;"62 Sm";"Mα1";100;"MA1"
1 097,90;"31 Ga";"Lα1,2";111;"LA1,2"
1 120,00;"33 As";"Ll";6;"Ll"
1 124,80;"31 Ga";"Lβ1";66;"LB1"
1 131,00;"63 Eu";"Mα1";100;"MA1"
1 185,00;"64 Gd";"Mα1";100;"MA1"
1 188,00;"32 Ge";"Lα1,2";111;"LA1,2"
1 204,40;"34 Se";"Ll";6;"Ll"
1 218,50;"32 Ge";"Lβ1";60;"LB1"
1 240,00;"65 Tb";"Mα1";100;"MA1"
1 253,60;"12 Mg";"Kα1,2";150;"KA1,2"
1 282,00;"33 As";"Lα1,2";111;"LA1,2"
1 293,00;"66 Dy";"Mα1";100;"MA1"
1 293,50;"35 Br";"Ll";5;"Ll"
1 317,00;"33 As";"Lβ1";60;"LB1"
1 348,00;"67 Ho";"Mα1";100;"MA1"
1 379,10;"34 Se";"Lα1,2";111;"LA1,2"
1 386,00;"36 Kr";"Ll";5;"Ll"
1 406,00;"68 Er";"Mα1";100;"MA1"
1 419,20;"34 Se";"Lβ1";59;"LB1"
1 462,00;"69 Tm";"Mα1";100;"MA1"
1 480,40;"35 Br";"Lα1,2";111;"LA1,2"
1 482,40;"37 Rb";"Ll";5;"Ll"
1 486,30;"13 Al";"Kα2";50;"KA2"
1 486,70;"13 Al";"Kα1";100;"KA1"
1 521,40;"70 Yb";"Mα1";100;"MA1"
1 525,90;"35 Br";"Lβ1";59;"LB1"
1 557,40;"13 Al";"Kβ1";1;"KB1"
1 581,30;"71 Lu";"Mα1";100;"MA1"
1 582,20;"38 Sr";"Ll";5;"Ll"
1 586,00;"36 Kr";"Lα1,2";111;"LA1,2"
1 636,60;"36 Kr";"Lβ1";57;"LB1"
1 644,60;"72 Hf";"Mα1";100;"MA1"
1 685,40;"39 Y";"Ll";5;"Ll"
1 692,60;"37 Rb";"Lα2";11;"LA2"
1 694,10;"37 Rb";"Lα1";100;"LA1"
1 709,60;"73 Ta";"Mα1";100;"MA1"
1 739,40;"14 Si";"Kα2";50;"KA2"
1 740,00;"14 Si";"Kα1";100;"KA1"
1 752,20;"37 Rb";"Lβ1";58;"LB1"
1 775,40;"74 W";"Mα1";100;"MA1"
1 792,00;"40 Zr";"Ll";5;"Ll"
1 804,70;"38 Sr";"Lα2";11;"LA2"
1 806,60;"38 Sr";"Lα1";100;"LA1"
1 835,90;"14 Si";"Kβ1";2;"KB1"
1 842,50;"75 Re";"Mα1";100;"MA1"
1 871,70;"38 Sr";"Lβ1";58;"LB1"
1 902,20;"41 Nb";"Ll";5;"Ll"
1 910,20;"76 Os";"Mα1";100;"MA1"
1 920,50;"39 Y";"Lα2";11;"LA2"
1 922,60;"39 Y";"Lα1";100;"LA1"
1 979,90;"77 Ir";"Mα1";100;"MA1"
1 995,80;"39 Y";"Lβ1";57;"LB1"
2 012,70;"15 P";"Kα2";50;"KA2"
2 013,70;"15 P";"Kα1";100;"KA1"
2 015,70;"42 Mo";"Ll";5;"Ll"
2 039,90;"40 Zr";"Lα2";11;"LA2"
2 042,40;"40 Zr";"Lα1";100;"LA1"
2 050,50;"78 Pt";"Mα1";100;"MA1"
2 122,00;"43 Tc";"Ll";5;"Ll"
2 122,90;"79 Au";"Mα1";100;"MA1"
2 124,40;"40 Zr";"Lβ1";54;"LB1"
2 139,10;"15 P";"Kβ1";3;"KB1"
2 163,00;"41 Nb";"Lα2";11;"LA2"
2 165,90;"41 Nb";"Lα1";100;"LA1"
2 195,30;"80 Hg";"Mα1";100;"MA1"
2 219,40;"40 Zr";"Lβ2,15";1;"LB2,15"
2 252,80;"44 Ru";"Ll";4;"Ll"
2 257,40;"41 Nb";"Lβ1";52;"LB1"
2 270,60;"81 Tl";"Mα1";100;"MA1"
2 289,80;"42 Mo";"Lα2";11;"LA2"
2 293,20;"42 Mo";"Lα1";100;"LA1"
2 302,70;"40 Zr";"Lγ1";2;"LG1"
2 306,60;"16 S";"Kα2";50;"KA2"
2 307,80;"16 S";"Kα1";100;"KA1"
2 345,50;"82 Pb";"Mα1";100;"MA1"
2 367,00;"41 Nb";"Lβ2,15";3;"LB2,15"
2 376,50;"45 Rh";"Ll";4;"Ll"
2 394,80;"42 Mo";"Lβ1";53;"LB1"
2 420,00;"43 Tc";"Lα2";11;"LA2"
2 422,60;"83 Bi";"Mα1";100;"MA1"
2 424,00;"43 Tc";"Lα1";100;"LA1"
2 461,80;"41 Nb";"Lγ1";2;"LG1"
2 464,00;"16 S";"Kβ1";5;"KB1"
2 503,40;"46 Pd";"Ll";4;"Ll"
2 518,30;"42 Mo";"Lβ2,15";5;"LB2,15"
2 538,00;"43 Tc";"Lβ1";54;"LB1"
2 554,30;"44 Ru";"Lα2";11;"LA2"
2 558,60;"44 Ru";"Lα1";100;"LA1"
2 620,80;"17 Cl";"Kα2";50;"KA2"
2 622,40;"17 Cl";"Kα1";100;"KA1"
2 623,50;"42 Mo";"Lγ1";3;"LG1"
2 633,70;"47 Ag";"Ll";4;"Ll"
2 674,00;"43 Tc";"Lβ2,15";7;"LB2,15"
2 683,20;"44 Ru";"Lβ1";54;"LB1"
2 692,00;"45 Rh";"Lα2";11;"LA2"
2 696,70;"45 Rh";"Lα1";100;"LA1"
2 767,40;"48 Cd";"Ll";4;"Ll"
2 792,00;"43 Tc";"Lγ1";3;"LG1"
2 815,60;"17 Cl";"Kβ1";6;"KB1"
2 833,30;"46 Pd";"Lα2";11;"LA2"
2 834,40;"45 Rh";"Lβ1";52;"LB1"
2 836,00;"44 Ru";"Lβ2,15";10;"LB2,15"
2 838,60;"46 Pd";"Lα1";100;"LA1"
2 904,40;"49 In";"Ll";4;"Ll"
2 955,60;"18 Ar";"Kα2";50;"KA2"
2 957,70;"18 Ar";"Kα1";100;"KA1"
2 964,50;"44 Ru";"Lγ1";4;"LG1"
2 978,20;"47 Ag";"Lα2";11;"LA2"
2 984,30;"47 Ag";"Lα1";100;"LA1"
2 990,20;"46 Pd";"Lβ1";53;"LB1"
2 996,10;"90 Th";"Mα1";100;"MA1"
3 001,30;"45 Rh";"Lβ2,15";10;"LB2,15"
3 045,00;"50 Sn";"Ll";4;"Ll"
3 126,90;"48 Cd";"Lα2";11;"LA2"
3 133,70;"48 Cd";"Lα1";100;"LA1"
3 143,80;"45 Rh";"Lγ1";5;"LG1"
3 150,90;"47 Ag";"Lβ1";56;"LB1"
3 170,80;"92 U";"Mα1";100;"MA1"
3 171,80;"46 Pd";"Lβ2,15";12;"LB2,15"
3 188,60;"51 Sb";"Ll";4;"Ll"
3 190,50;"18 Ar";"Kβ1,3";10;"KB1,3"
3 279,30;"49 In";"Lα2";11;"LA2"
3 286,90;"49 In";"Lα1";100;"LA1"
3 311,10;"19 K";"Kα2";50;"KA2"
3 313,80;"19 K";"Kα1";100;"KA1"
3 316,60;"48 Cd";"Lβ1";58;"LB1"
3 328,70;"46 Pd";"Lγ1";6;"LG1"
3 335,60;"52 Te";"Ll";4;"Ll"
3 347,80;"47 Ag";"Lβ2,15";13;"LB2,15"
3 435,40;"50 Sn";"Lα2";11;"LA2"
3 444,00;"50 Sn";"Lα1";100;"LA1"
3 485,00;"53 I";"Ll";4;"Ll"
3 487,20;"49 In";"Lβ1";58;"LB1"
3 519,60;"47 Ag";"Lγ1";6;"LG1"
3 528,10;"48 Cd";"Lβ2,15";15;"LB2,15"
3 589,60;"19 K";"Kβ1,3";11;"KB1,3"
3 595,30;"51 Sb";"Lα2";11;"LA2"
3 604,70;"51 Sb";"Lα1";100;"LA1"
3 636,00;"54 Xe";"Ll";4;"Ll"
3 662,80;"50 Sn";"Lβ1";60;"LB1"
3 688,10;"20 Ca";"Kα2";50;"KA2"
3 691,70;"20 Ca";"Kα1";100;"KA1"
3 713,80;"49 In";"Lβ2,15";15;"LB2,15"
3 716,90;"48 Cd";"Lγ1";6;"LG1"
3 758,80;"52 Te";"Lα2";11;"LA2"
3 769,30;"52 Te";"Lα1";100;"LA1"
3 795,00;"55 Cs";"Ll";4;"Ll"
3 843,60;"51 Sb";"Lβ1";61;"LB1"
3 904,90;"50 Sn";"Lβ2,15";16;"LB2,15"
3 920,80;"49 In";"Lγ1";6;"LG1"
3 926,00;"53 I";"Lα2";11;"LA2"
3 937,60;"53 I";"Lα1";100;"LA1"
3 954,10;"56 Ba";"Ll";4;"Ll"
4 012,70;"20 Ca";"Kβ1,3";13;"KB1,3"
4 029,60;"52 Te";"Lβ1";61;"LB1"
4 086,10;"21 Sc";"Kα2";50;"KA2"
4 090,60;"21 Sc";"Kα1";100;"KA1"
4 093,00;"54 Xe";"Lα2";11;"LA2"
4 100,80;"51 Sb";"Lβ2,15";17;"LB2,15"
4 109,90;"54 Xe";"Lα1";100;"LA1"
4 124,00;"57 La";"Ll";4;"Ll"
4 131,10;"50 Sn";"Lγ1";7;"LG1"
4 220,70;"53 I";"Lβ1";61;"LB1"
4 272,20;"55 Cs";"Lα2";11;"LA2"
4 286,50;"55 Cs";"Lα1";100;"LA1"
4 287,50;"58 Ce";"Ll";4;"Ll"
4 301,70;"52 Te";"Lβ2,15";18;"LB2,15"
4 347,80;"51 Sb";"Lγ1";8;"LG1"
4 414,00;"54 Xe";"Lβ1";60;"LB1"
4 450,90;"56 Ba";"Lα2";11;"LA2"
4 453,20;"59 Pr";"Ll";4;"Ll"
4 460,50;"21 Sc";"Kβ1,3";15;"KB1,3"
4 466,30;"56 Ba";"Lα1";100;"LA1"
4 504,90;"22 Ti";"Kα2";50;"KA2"
4 507,50;"53 I";"Lβ2,15";19;"LB2,15"
4 510,80;"22 Ti";"Kα1";100;"KA1"
4 570,90;"52 Te";"Lγ1";8;"LG1"
4 619,80;"55 Cs";"Lβ1";61;"LB1"
4 633,00;"60 Nd";"Ll";4;"Ll"
4 634,20;"57 La";"Lα2";11;"LA2"
4 651,00;"57 La";"Lα1";100;"LA1"
4 714,00;"54 Xe";"Lβ2,15";20;"LB2,15"
4 800,90;"53 I";"Lγ1";8;"LG1"
4 809,00;"61 Pm";"Ll";4;"Ll"
4 823,00;"58 Ce";"Lα2";11;"LA2"
4 827,50;"56 Ba";"Lβ1";60;"LB1"
4 840,20;"58 Ce";"Lα1";100;"LA1"
4 931,80;"22 Ti";"Kβ1,3";15;"KB1,3"
4 935,90;"55 Cs";"Lβ2,15";20;"LB2,15"
4 944,60;"23 V";"Kα2";50;"KA2"
4 952,20;"23 V";"Kα1";100;"KA1"
4 994,50;"62 Sm";"Ll";4;"Ll"
5 013,50;"59 Pr";"Lα2";11;"LA2"
5 033,70;"59 Pr";"Lα1";100;"LA1"
5 034,00;"54 Xe";"Lγ1";8;"LG1"
5 042,10;"57 La";"Lβ1";60;"LB1"
5 156,50;"56 Ba";"Lβ2,15";20;"LB2,15"
5 177,20;"63 Eu";"Ll";4;"Ll"
5 207,70;"60 Nd";"Lα2";11;"LA2"
5 230,40;"60 Nd";"Lα1";100;"LA1"
5 262,20;"58 Ce";"Lβ1";61;"LB1"
5 280,40;"55 Cs";"Lγ1";8;"LG1"
5 362,10;"64 Gd";"Ll";4;"Ll"
5 383,50;"57 La";"Lβ2,15";21;"LB2,15"
5 405,50;"24 Cr";"Kα2";50;"KA2"
5 408,00;"61 Pm";"Lα2";11;"LA2"
5 414,70;"24 Cr";"Kα1";100;"KA1"
5 427,30;"23 V";"Kβ1,3";15;"KB1,3"
5 432,00;"61 Pm";"Lα1";100;"LA1"
5 488,90;"59 Pr";"Lβ1";61;"LB1"
5 531,10;"56 Ba";"Lγ1";9;"LG1"
5 546,70;"65 Tb";"Ll";4;"Ll"
5 609,00;"62 Sm";"Lα2";11;"LA2"
5 613,40;"58 Ce";"Lβ2,15";21;"LB2,15"
5 636,10;"62 Sm";"Lα1";100;"LA1"
5 721,60;"60 Nd";"Lβ1";60;"LB1"
5 743,10;"66 Dy";"Ll";4;"Ll"
5 788,50;"57 La";"Lγ1";9;"LG1"
5 816,60;"63 Eu";"Lα2";11;"LA2"
5 845,70;"63 Eu";"Lα1";100;"LA1"
5 850,00;"59 Pr";"Lβ2,15";21;"LB2,15"
5 887,60;"25 Mn";"Kα2";50;"KA2"
5 898,80;"25 Mn";"Kα1";100;"KA1"
5 943,40;"67 Ho";"Ll";4;"Ll"
5 946,70;"24 Cr";"Kβ1,3";15;"KB1,3"
5 961,00;"61 Pm";"Lβ1";61;"LB1"
6 025,00;"64 Gd";"Lα2";11;"LA2"
6 052,00;"58 Ce";"Lγ1";9;"LG1"
6 057,20;"64 Gd";"Lα1";100;"LA1"
6 089,40;"60 Nd";"Lβ2,15";21;"LB2,15"
6 152,00;"68 Er";"Ll";4;"Ll"
6 205,10;"62 Sm";"Lβ1";61;"LB1"
6 238,00;"65 Tb";"Lα2";11;"LA2"
6 272,80;"65 Tb";"Lα1";100;"LA1"
6 322,10;"59 Pr";"Lγ1";9;"LG1"
6 339,00;"61 Pm";"Lβ2";21;"LB2"
6 341,90;"69 Tm";"Ll";4;"Ll"
6 390,80;"26 Fe";"Kα2";50;"KA2"
6 403,80;"26 Fe";"Kα1";100;"KA1"
6 456,40;"63 Eu";"Lβ1";62;"LB1"
6 457,70;"66 Dy";"Lα2";11;"LA2"
6 490,40;"25 Mn";"Kβ1,3";17;"KB1,3"
6 495,20;"66 Dy";"Lα1";100;"LA1"
6 545,50;"70 Yb";"Ll";4;"Ll"
6 587,00;"62 Sm";"Lβ2,15";21;"LB2,15"
6 602,10;"60 Nd";"Lγ1";10;"LG1"
6 679,50;"67 Ho";"Lα2";11;"LA2"
6 713,20;"64 Gd";"Lβ1";62;"LB1"
6 719,80;"67 Ho";"Lα1";100;"LA1"
6 752,80;"71 Lu";"Ll";4;"Ll"
6 843,20;"63 Eu";"Lβ2,15";21;"LB2,15"
6 892,00;"61 Pm";"Lγ1";10;"LG1"
6 905,00;"68 Er";"Lα2";11;"LA2"
6 915,30;"27 Co";"Kα2";51;"KA2"
6 930,30;"27 Co";"Kα1";100;"KA1"
6 948,70;"68 Er";"Lα1";100;"LA1"
6 959,60;"72 Hf";"Ll";5;"Ll"
6 978,00;"65 Tb";"Lβ1";61;"LB1"
7 058,00;"26 Fe";"Kβ1,3";17;"KB1,3"
7 102,80;"64 Gd";"Lβ2,15";21;"LB2,15"
7 133,10;"69 Tm";"Lα2";11;"LA2"
7 173,10;"73 Ta";"Ll";5;"Ll"
7 178,00;"62 Sm";"Lγ1";10;"LG1"
7 179,90;"69 Tm";"Lα1";100;"LA1"
7 247,70;"66 Dy";"Lβ1";62;"LB1"
7 366,70;"65 Tb";"Lβ2,15";21;"LB2,15"
7 367,30;"70 Yb";"Lα2";11;"LA2"
7 387,80;"74 W";"Ll";5;"Ll"
7 415,60;"70 Yb";"Lα1";100;"LA1"
7 460,90;"28 Ni";"Kα2";51;"KA2"
7 478,20;"28 Ni";"Kα1";100;"KA1"
7 480,30;"63 Eu";"Lγ1";10;"LG1"
7 525,30;"67 Ho";"Lβ1";64;"LB1"
7 603,60;"75 Re";"Ll";5;"Ll"
7 604,90;"71 Lu";"Lα2";11;"LA2"
7 635,70;"66 Dy";"Lβ2";20;"LB2"
7 649,40;"27 Co";"Kβ1,3";17;"KB1,3"
7 655,50;"71 Lu";"Lα1";100;"LA1"
7 785,80;"64 Gd";"Lγ1";11;"LG1"
7 810,90;"68 Er";"Lβ1";64;"LB1"
7 822,20;"76 Os";"Ll";5;"Ll"
7 844,60;"72 Hf";"Lα2";11;"LA2"
7 899,00;"72 Hf";"Lα1";100;"LA1"
7 911,00;"67 Ho";"Lβ2,15";20;"LB2,15"
8 027,80;"29 Cu";"Kα2";51;"KA2"
8 045,80;"77 Ir";"Ll";5;"Ll"
8 047,80;"29 Cu";"Kα1";100;"KA1"
8 087,90;"73 Ta";"Lα2";11;"LA2"
8 101,00;"69 Tm";"Lβ1";64;"LB1"
8 102,00;"65 Tb";"Lγ1";11;"LG1"
8 146,10;"73 Ta";"Lα1";100;"LA1"
8 189,00;"68 Er";"Lβ2,15";20;"LB2,15"
8 264,70;"28 Ni";"Kβ1,3";17;"KB1,3"
8 268,00;"78 Pt";"Ll";5;"Ll"
8 335,20;"74 W";"Lα2";11;"LA2"
8 397,60;"74 W";"Lα1";100;"LA1"
8 401,80;"70 Yb";"Lβ1";65;"LB1"
8 418,80;"66 Dy";"Lγ1";11;"LG1"
8 468,00;"69 Tm";"Lβ2,15";20;"LB2,15"
8 493,90;"79 Au";"Ll";5;"Ll"
8 586,20;"75 Re";"Lα2";11;"LA2"
8 615,80;"30 Zn";"Kα2";51;"KA2"
8 638,90;"30 Zn";"Kα1";100;"KA1"
8 652,50;"75 Re";"Lα1";100;"LA1"
8 709,00;"71 Lu";"Lβ1";66;"LB1"
8 721,00;"80 Hg";"Ll";5;"Ll"
8 747,00;"67 Ho";"Lγ1";11;"LG1"
8 758,80;"70 Yb";"Lβ2,15";20;"LB2,15"
8 841,00;"76 Os";"Lα2";11;"LA2"
8 905,30;"29 Cu";"Kβ1,3";17;"KB1,3"
8 911,70;"76 Os";"Lα1";100;"LA1"
8 953,20;"81 Tl";"Ll";6;"Ll"
9 022,70;"72 Hf";"Lβ1";67;"LB1"
9 048,90;"71 Lu";"Lβ2";19;"LB2"
9 089,00;"68 Er";"Lγ1";11;"LG1"
9 099,50;"77 Ir";"Lα2";11;"LA2"
9 175,10;"77 Ir";"Lα1";100;"LA1"
9 184,50;"82 Pb";"Ll";6;"Ll"
9 224,80;"31 Ga";"Kα2";51;"KA2"
9 251,70;"31 Ga";"Kα1";100;"KA1"
9 343,10;"73 Ta";"Lβ1";67;"LB1"
9 347,30;"72 Hf";"Lβ2";20;"LB2"
9 361,80;"78 Pt";"Lα2";11;"LA2"
9 420,40;"83 Bi";"Ll";6;"Ll"
9 426,00;"69 Tm";"Lγ1";12;"LG1"
9 442,30;"78 Pt";"Lα1";100;"LA1"
9 572,00;"30 Zn";"Kβ1,3";17;"KB1,3"
9 628,00;"79 Au";"Lα2";11;"LA2"
9 651,80;"73 Ta";"Lβ2";20;"LB2"
9 672,40;"74 W";"Lβ1";67;"LB1"
9 713,30;"79 Au";"Lα1";100;"LA1"
9 780,10;"70 Yb";"Lγ1";12;"LG1"
9 855,30;"32 Ge";"Kα2";51;"KA2"
9 886,40;"32 Ge";"Kα1";100;"KA1"
9 897,60;"80 Hg";"Lα2";11;"LA2"
9 961,50;"74 W";"Lβ2";21;"LB2"
9 988,80;"80 Hg";"Lα1";100;"LA1"
10 010,00;"75 Re";"Lβ1";66;"LB1"
10 143,40;"71 Lu";"Lγ1";12;"LG1"
10 172,80;"81 Tl";"Lα2";11;"LA2"
10 260,30;"31 Ga";"Kβ3";5;"KB3"
10 264,20;"31 Ga";"Kβ1";66;"KB1"
10 268,50;"81 Tl";"Lα1";100;"LA1"
10 275,20;"75 Re";"Lβ2";22;"LB2"
10 355,30;"76 Os";"Lβ1";67;"LB1"
10 449,50;"82 Pb";"Lα2";11;"LA2"
10 508,00;"33 As";"Kα2";51;"KA2"
10 515,80;"72 Hf";"Lγ1";12;"LG1"
10 543,70;"33 As";"Kα1";100;"KA1"
10 551,50;"82 Pb";"Lα1";100;"LA1"
10 598,50;"76 Os";"Lβ2";22;"LB2"
10 708,30;"77 Ir";"Lβ1";66;"LB1"
10 730,90;"83 Bi";"Lα2";11;"LA2"
10 838,80;"83 Bi";"Lα1";100;"LA1"
10 895,20;"73 Ta";"Lγ1";12;"LG1"
10 920,30;"77 Ir";"Lβ2";22;"LB2"
10 978,00;"32 Ge";"Kβ3";6;"KB3"
10 982,10;"32 Ge";"Kβ1";60;"KB1"
11 070,70;"78 Pt";"Lβ1";67;"LB1"
11 118,60;"90 Th";"Ll";6;"Ll"
11 181,40;"34 Se";"Kα2";52;"KA2"
11 222,40;"34 Se";"Kα1";100;"KA1"
11 250,50;"78 Pt";"Lβ2";23;"LB2"
11 285,90;"74 W";"Lγ1";13;"LG1"
11 442,30;"79 Au";"Lβ1";67;"LB1"
11 584,70;"79 Au";"Lβ2";23;"LB2"
11 618,30;"92 U";"Ll";7;"Ll"
11 685,40;"75 Re";"Lγ1";13;"LG1"
11 720,30;"33 As";"Kβ3";6;"KB3"
11 726,20;"33 As";"Kβ1";13;"KB1"
11 822,60;"80 Hg";"Lβ1";67;"LB1"
11 864,00;"33 As";"Kβ2";1;"KB2"
11 877,60;"35 Br";"Kα2";52;"KA2"
11 924,10;"80 Hg";"Lβ2";24;"LB2"
11 924,20;"35 Br";"Kα1";100;"KA1"
12 095,30;"76 Os";"Lγ1";13;"LG1"
12 213,30;"81 Tl";"Lβ1";67;"LB1"
12 271,50;"81 Tl";"Lβ2";25;"LB2"
12 489,60;"34 Se";"Kβ3";6;"KB3"
12 495,90;"34 Se";"Kβ1";13;"KB1"
12 512,60;"77 Ir";"Lγ1";13;"LG1"
12 598,00;"36 Kr";"Kα2";52;"KA2"
12 613,70;"82 Pb";"Lβ1";66;"LB1"
12 622,60;"82 Pb";"Lβ2";25;"LB2"
12 649,00;"36 Kr";"Kα1";100;"KA1"
12 652,00;"34 Se";"Kβ2";1;"KB2"
12 809,60;"90 Th";"Lα2";11;"LA2"
12 942,00;"78 Pt";"Lγ1";13;"LG1"
12 968,70;"90 Th";"Lα1";100;"LA1"
12 979,90;"83 Bi";"Lβ2";25;"LB2"
13 023,50;"83 Bi";"Lβ1";67;"LB1"
13 284,50;"35 Br";"Kβ3";7;"KB3"
13 291,40;"35 Br";"Kβ1";14;"KB1"
13 335,80;"37 Rb";"Kα2";52;"KA2"
13 381,70;"79 Au";"Lγ1";13;"LG1"
13 395,30;"37 Rb";"Kα1";100;"KA1"
13 438,80;"92 U";"Lα2";11;"LA2"
13 469,50;"35 Br";"Kβ2";1;"KB2"
13 614,70;"92 U";"Lα1";100;"LA1"
13 830,10;"80 Hg";"Lγ1";14;"LG1"
14 097,90;"38 Sr";"Kα2";52;"KA2"
14 104,00;"36 Kr";"Kβ3";7;"KB3"
14 112,00;"36 Kr";"Kβ1";14;"KB1"
14 165,00;"38 Sr";"Kα1";100;"KA1"
14 291,50;"81 Tl";"Lγ1";14;"LG1"
14 315,00;"36 Kr";"Kβ2";2;"KB2"
14 764,40;"82 Pb";"Lγ1";14;"LG1"
14 882,90;"39 Y";"Kα2";52;"KA2"
14 951,70;"37 Rb";"Kβ3";7;"KB3"
14 958,40;"39 Y";"Kα1";100;"KA1"
14 961,30;"37 Rb";"Kβ1";14;"KB1"
15 185,00;"37 Rb";"Kβ2";2;"KB2"
15 247,70;"83 Bi";"Lγ1";14;"LG1"
15 623,70;"90 Th";"Lβ2";26;"LB2"
15 690,90;"40 Zr";"Kα2";52;"KA2"
15 775,10;"40 Zr";"Kα1";100;"KA1"
15 824,90;"38 Sr";"Kβ3";7;"KB3"
15 835,70;"38 Sr";"Kβ1";14;"KB1"
16 084,60;"38 Sr";"Kβ2";3;"KB2"
16 202,20;"90 Th";"Lβ1";69;"LB1"
16 428,30;"92 U";"Lβ2";26;"LB2"
16 521,00;"41 Nb";"Kα2";52;"KA2"
16 615,10;"41 Nb";"Kα1";100;"KA1"
16 725,80;"39 Y";"Kβ3";8;"KB3"
16 737,80;"39 Y";"Kβ1";15;"KB1"
17 015,40;"39 Y";"Kβ2";3;"KB2"
17 220,00;"92 U";"Lβ1";61;"LB1"
17 374,30;"42 Mo";"Kα2";52;"KA2"
17 479,30;"42 Mo";"Kα1";100;"KA1"
17 654,00;"40 Zr";"Kβ3";8;"KB3"
17 667,80;"40 Zr";"Kβ1";15;"KB1"
17 970,00;"40 Zr";"Kβ2";3;"KB2"
18 250,80;"43 Tc";"Kα2";53;"KA2"
18 367,10;"43 Tc";"Kα1";100;"KA1"
18 606,30;"41 Nb";"Kβ3";8;"KB3"
18 622,50;"41 Nb";"Kβ1";15;"KB1"
18 953,00;"41 Nb";"Kβ2";3;"KB2"
18 982,50;"90 Th";"Lγ1";16;"LG1"
19 150,40;"44 Ru";"Kα2";53;"KA2"
19 279,20;"44 Ru";"Kα1";100;"KA1"
19 590,30;"42 Mo";"Kβ3";8;"KB3"
19 608,30;"42 Mo";"Kβ1";15;"KB1"
19 965,20;"42 Mo";"Kβ2";3;"KB2"
20 073,70;"45 Rh";"Kα2";53;"KA2"
20 167,10;"92 U";"Lγ1";15;"LG1"
20 216,10;"45 Rh";"Kα1";100;"KA1"
20 599,00;"43 Tc";"Kβ3";8;"KB3"
20 619,00;"43 Tc";"Kβ1";16;"KB1"
21 005,00;"43 Tc";"Kβ2";4;"KB2"
21 020,10;"46 Pd";"Kα2";53;"KA2"
21 177,10;"46 Pd";"Kα1";100;"KA1"
21 634,60;"44 Ru";"Kβ3";8;"KB3"
21 656,80;"44 Ru";"Kβ1";16;"KB1"
21 990,30;"47 Ag";"Kα2";53;"KA2"
22 074,00;"44 Ru";"Kβ2";4;"KB2"
22 162,90;"47 Ag";"Kα1";100;"KA1"
22 698,90;"45 Rh";"Kβ3";8;"KB3"
22 723,60;"45 Rh";"Kβ1";16;"KB1"
22 984,10;"48 Cd";"Kα2";53;"KA2"
23 172,80;"45 Rh";"Kβ2";4;"KB2"
23 173,60;"48 Cd";"Kα1";100;"KA1"
23 791,10;"46 Pd";"Kβ3";8;"KB3"
23 818,70;"46 Pd";"Kβ1";16;"KB1"
24 002,00;"49 In";"Kα2";53;"KA2"
24 209,70;"49 In";"Kα1";100;"KA1"
24 299,10;"46 Pd";"Kβ2";4;"KB2"
24 911,50;"47 Ag";"Kβ3";9;"KB3"
24 942,40;"47 Ag";"Kβ1";16;"KB1"
25 044,00;"50 Sn";"Kα2";53;"KA2"
25 271,30;"50 Sn";"Kα1";100;"KA1"
25 456,40;"47 Ag";"Kβ2";4;"KB2"
26 061,20;"48 Cd";"Kβ3";9;"KB3"
26 095,50;"48 Cd";"Kβ1";17;"KB1"
26 110,80;"51 Sb";"Kα2";54;"KA2"
26 359,10;"51 Sb";"Kα1";100;"KA1"
26 643,80;"48 Cd";"Kβ2";4;"KB2"
27 201,70;"52 Te";"Kα2";54;"KA2"
27 237,70;"49 In";"Kβ3";9;"KB3"
27 275,90;"49 In";"Kβ1";17;"KB1"
27 472,30;"52 Te";"Kα1";100;"KA1"
27 860,80;"49 In";"Kβ2";5;"KB2"
28 317,20;"53 I";"Kα2";54;"KA2"
28 444,00;"50 Sn";"Kβ3";9;"KB3"
28 486,00;"50 Sn";"Kβ1";17;"KB1"
28 612,00;"53 I";"Kα1";100;"KA1"
29 109,30;"50 Sn";"Kβ2";5;"KB2"
29 458,00;"54 Xe";"Kα2";54;"KA2"
29 679,20;"51 Sb";"Kβ3";9;"KB3"
29 725,60;"51 Sb";"Kβ1";18;"KB1"
29 779,00;"54 Xe";"Kα1";100;"KA1"
30 389,50;"51 Sb";"Kβ2";5;"KB2"
30 625,10;"55 Cs";"Kα2";54;"KA2"
30 944,30;"52 Te";"Kβ3";9;"KB3"
30 972,80;"55 Cs";"Kα1";100;"KA1"
30 995,70;"52 Te";"Kβ1";18;"KB1"
31 700,40;"52 Te";"Kβ2";5;"KB2"
31 817,10;"56 Ba";"Kα2";54;"KA2"
32 193,60;"56 Ba";"Kα1";100;"KA1"
32 239,40;"53 I";"Kβ3";9;"KB3"
32 294,70;"53 I";"Kβ1";18;"KB1"
33 034,10;"57 La";"Kα2";54;"KA2"
33 042,00;"53 I";"Kβ2";5;"KB2"
33 441,80;"57 La";"Kα1";100;"KA1"
33 562,00;"54 Xe";"Kβ3";9;"KB3"
33 624,00;"54 Xe";"Kβ1";18;"KB1"
34 278,90;"58 Ce";"Kα2";55;"KA2"
34 415,00;"54 Xe";"Kβ2";5;"KB2"
34 719,70;"58 Ce";"Kα1";100;"KA1"
34 919,40;"55 Cs";"Kβ3";9;"KB3"
34 986,90;"55 Cs";"Kβ1";18;"KB1"
35 550,20;"59 Pr";"Kα2";55;"KA2"
35 822,00;"55 Cs";"Kβ2";6;"KB2"
36 026,30;"59 Pr";"Kα1";100;"KA1"
36 304,00;"56 Ba";"Kβ3";10;"KB3"
36 378,20;"56 Ba";"Kβ1";18;"KB1"
36 847,40;"60 Nd";"Kα2";55;"KA2"
37 257,00;"56 Ba";"Kβ2";6;"KB2"
37 361,00;"60 Nd";"Kα1";100;"KA1"
37 720,20;"57 La";"Kβ3";10;"KB3"
37 801,00;"57 La";"Kβ1";19;"KB1"
38 171,20;"61 Pm";"Kα2";55;"KA2"
38 724,70;"61 Pm";"Kα1";100;"KA1"
38 729,90;"57 La";"Kβ2";6;"KB2"
39 170,10;"58 Ce";"Kβ3";10;"KB3"
39 257,30;"58 Ce";"Kβ1";19;"KB1"
39 522,40;"62 Sm";"Kα2";55;"KA2"
40 118,10;"62 Sm";"Kα1";100;"KA1"
40 233,00;"58 Ce";"Kβ2";6;"KB2"
40 652,90;"59 Pr";"Kβ3";10;"KB3"
40 748,20;"59 Pr";"Kβ1";19;"KB1"
40 901,90;"63 Eu";"Kα2";56;"KA2"
41 542,20;"63 Eu";"Kα1";100;"KA1"
41 773,00;"59 Pr";"Kβ2";6;"KB2"
42 166,50;"60 Nd";"Kβ3";10;"KB3"
42 271,30;"60 Nd";"Kβ1";19;"KB1"
42 308,90;"64 Gd";"Kα2";56;"KA2"
42 996,20;"64 Gd";"Kα1";100;"KA1"
43 335,00;"60 Nd";"Kβ2";6;"KB2"
43 713,00;"61 Pm";"Kβ3";10;"KB3"
43 744,10;"65 Tb";"Kα2";56;"KA2"
43 826,00;"61 Pm";"Kβ1";19;"KB1"
44 481,60;"65 Tb";"Kα1";100;"KA1"
44 942,00;"61 Pm";"Kβ2";6;"KB2"
45 207,80;"66 Dy";"Kα2";56;"KA2"
45 289,00;"62 Sm";"Kβ3";10;"KB3"
45 413,00;"62 Sm";"Kβ1";19;"KB1"
45 998,40;"66 Dy";"Kα1";100;"KA1"
46 578,00;"62 Sm";"Kβ2";6;"KB2"
46 699,70;"67 Ho";"Kα2";56;"KA2"
46 903,60;"63 Eu";"Kβ3";10;"KB3"
47 037,90;"63 Eu";"Kβ1";19;"KB1"
47 546,70;"67 Ho";"Kα1";100;"KA1"
48 221,10;"68 Er";"Kα2";56;"KA2"
48 256,00;"63 Eu";"Kβ2";6;"KB2"
48 555,00;"64 Gd";"Kβ3";10;"KB3"
48 697,00;"64 Gd";"Kβ1";20;"KB1"
49 127,70;"68 Er";"Kα1";100;"KA1"
49 772,60;"69 Tm";"Kα2";57;"KA2"
49 959,00;"64 Gd";"Kβ2";7;"KB2"
50 229,00;"65 Tb";"Kβ3";10;"KB3"
50 382,00;"65 Tb";"Kβ1";20;"KB1"
50 741,60;"69 Tm";"Kα1";100;"KA1"
51 354,00;"70 Yb";"Kα2";57;"KA2"
51 698,00;"65 Tb";"Kβ2";7;"KB2"
51 957,00;"66 Dy";"Kβ3";10;"KB3"
52 119,00;"66 Dy";"Kβ1";20;"KB1"
52 388,90;"70 Yb";"Kα1";100;"KA1"
52 965,00;"71 Lu";"Kα2";57;"KA2"
53 476,00;"66 Dy";"Kβ2";7;"KB2"
53 711,00;"67 Ho";"Kβ3";11;"KB3"
53 877,00;"67 Ho";"Kβ1";20;"KB1"
54 069,80;"71 Lu";"Kα1";100;"KA1"
54 611,40;"72 Hf";"Kα2";57;"KA2"
55 293,00;"67 Ho";"Kβ2";7;"KB2"
55 494,00;"68 Er";"Kβ3";11;"KB3"
55 681,00;"68 Er";"Kβ1";21;"KB1"
55 790,20;"72 Hf";"Kα1";100;"KA1"
56 277,00;"73 Ta";"Kα2";57;"KA2"
57 210,00;"68 Er";"Kβ2";7;"KB2"
57 304,00;"69 Tm";"Kβ3";11;"KB3"
57 517,00;"69 Tm";"Kβ1";21;"KB1"
57 532,00;"73 Ta";"Kα1";100;"KA1"
57 981,70;"74 W";"Kα2";58;"KA2"
59 090,00;"69 Tm";"Kβ2";7;"KB2"
59 140,00;"70 Yb";"Kβ3";11;"KB3"
59 318,20;"74 W";"Kα1";100;"KA1"
59 370,00;"70 Yb";"Kβ1";21;"KB1"
59 717,90;"75 Re";"Kα2";58;"KA2"
60 980,00;"70 Yb";"Kβ2";7;"KB2"
61 050,00;"71 Lu";"Kβ3";11;"KB3"
61 140,30;"75 Re";"Kα1";100;"KA1"
61 283,00;"71 Lu";"Kβ1";21;"KB1"
61 486,70;"76 Os";"Kα2";58;"KA2"
62 970,00;"71 Lu";"Kβ2";7;"KB2"
62 980,00;"72 Hf";"Kβ3";11;"KB3"
63 000,50;"76 Os";"Kα1";100;"KA1"
63 234,00;"72 Hf";"Kβ1";22;"KB1"
63 286,70;"77 Ir";"Kα2";58;"KA2"
64 895,60;"77 Ir";"Kα1";100;"KA1"
64 948,80;"73 Ta";"Kβ3";11;"KB3"
64 980,00;"72 Hf";"Kβ2";7;"KB2"
65 112,00;"78 Pt";"Kα2";58;"KA2"
65 223,00;"73 Ta";"Kβ1";22;"KB1"
66 832,00;"78 Pt";"Kα1";100;"KA1"
66 951,40;"74 W";"Kβ3";11;"KB3"
66 989,50;"79 Au";"Kα2";59;"KA2"
66 990,00;"73 Ta";"Kβ2";7;"KB2"
67 244,30;"74 W";"Kβ1";22;"KB1"
68 803,70;"79 Au";"Kα1";100;"KA1"
68 895,00;"80 Hg";"Kα2";59;"KA2"
68 994,00;"75 Re";"Kβ3";12;"KB3"
69 067,00;"74 W";"Kβ2";8;"KB2"
69 310,00;"75 Re";"Kβ1";22;"KB1"
70 819,00;"80 Hg";"Kα1";100;"KA1"
70 831,90;"81 Tl";"Kα2";60;"KA2"
71 077,00;"76 Os";"Kβ3";12;"KB3"
71 232,00;"75 Re";"Kβ2";8;"KB2"
71 413,00;"76 Os";"Kβ1";23;"KB1"
72 804,20;"82 Pb";"Kα2";60;"KA2"
72 871,50;"81 Tl";"Kα1";100;"KA1"
73 202,70;"77 Ir";"Kβ3";12;"KB3"
73 363,00;"76 Os";"Kβ2";8;"KB2"
73 560,80;"77 Ir";"Kβ1";23;"KB1"
74 814,80;"83 Bi";"Kα2";60;"KA2"
74 969,40;"82 Pb";"Kα1";100;"KA1"
75 368,00;"78 Pt";"Kβ3";12;"KB3"
75 575,00;"77 Ir";"Kβ2";8;"KB2"
75 748,00;"78 Pt";"Kβ1";23;"KB1"
77 107,90;"83 Bi";"Kα1";100;"KA1"
77 580,00;"79 Au";"Kβ3";12;"KB3"
77 850,00;"78 Pt";"Kβ2";8;"KB2"
77 984,00;"79 Au";"Kβ1";23;"KB1"
79 822,00;"80 Hg";"Kβ3";12;"KB3"
80 150,00;"79 Au";"Kβ2";8;"KB2"
80 253,00;"80 Hg";"Kβ1";23;"KB1"
82 118,00;"81 Tl";"Kβ3";12;"KB3"
82 515,00;"80 Hg";"Kβ2";8;"KB2"
82 576,00;"81 Tl";"Kβ1";23;"KB1"
84 450,00;"82 Pb";"Kβ3";12;"KB3"
84 910,00;"81 Tl";"Kβ2";8;"KB2"
84 936,00;"82 Pb";"Kβ1";23;"KB1"
86 834,00;"83 Bi";"Kβ3";12;"KB3"
87 320,00;"82 Pb";"Kβ2";8;"KB2"
87 343,00;"83 Bi";"Kβ1";23;"KB1"
89 830,00;"83 Bi";"Kβ2";9;"KB2"
89 953,00;"90 Th";"Kα2";62;"KA2"
93 350,00;"90 Th";"Kα1";100;"KA1"
94 665,00;"92 U";"Kα2";62;"KA2"
98 439,00;"92 U";"Kα1";100;"KA1"
104 831,00;"90 Th";"Kβ3";12;"KB3"
105 609,00;"90 Th";"Kβ1";24;"KB1"
108 640,00;"90 Th";"Kβ2";9;"KB2"
110 406,00;"92 U";"Kβ3";13;"KB3"
111 300,00;"92 U";"Kβ1";24;"KB1"
114 530,00;"92 U";"Kβ2";9;"KB2"
